f1,f2,f3,f4,target
0.8336709103932218,0.623492516365043,0.4088108848178552,0.3088171026646288,0.5671314177993197
0.33192133613333796,0.046440581795115676,0.7890881957197459,0.13742349494779693,0.6432844375388502
0.22167437293433356,0.788921443021138,0.5380355248954337,0.5530346539858455,0.40553071439130906
0.535761354171591,0.7730976858636952,0.10513610852848099,0.10236569501998993,0.6289855365860719
0.8067575625967226,0.6046100076159778,0.5757684745016841,0.8845206290310303,0.5158439053772104
0.40932380323418505,0.6243341948884439,0.06922444342181067,0.9866258690340426,0.19658422904014106
0.6385058501279124,0.3981398042490283,0.4573163016660172,0.004669608652697277,0.9646108266526768
0.1782745059526546,0.20727187340183006,0.12691792540223312,0.8438761917782918,0.8693725126825507
0.2694456942777218,0.560154157843524,0.5931433977581255,0.6061256852234096,0.2954181016752283
0.267656687486871,0.8952855151607209,0.5307174566508169,0.7203392594687867,0.5939380000211822
0.6587631043599205,0.7800171172406694,0.1849006304646469,0.6820828445311078,0.7265421024349705
0.6565004198243581,0.7653747490328309,0.9414722813274004,0.44422687452302234,0.7232458402708419
0.6444856801383809,0.9581781811790019,0.014678992730368212,0.6346559645902091,0.6587866179895583
0.2184549758128448,0.4536108775775529,0.6428803443693365,0.3910972875077523,0.5539280980018672
0.31608038787559045,0.13527124012566405,0.006649209760762442,0.8700730176052469,0.8087717657767345
0.5318100592774133,0.9934020907734121,0.5602631849645483,0.18801840678180948,0.2744330576683539
0.011669545718866359,0.5935787443339523,0.7199146861316238,0.9514919215873668,0.2985566504095334
0.90409886824578,0.5292172628895057,0.8966792072679715,0.10380080217414622,0.418089946132296
0.159013465327964,0.8854939832584084,0.29491424643867603,0.2871950719302899,0.5722211410004029
0.6386519329392469,0.5562978446566864,0.396517225581412,0.4455770573759238,0.05301821044004751
0.9875783043528024,0.41664711604920324,0.6521438944955954,0.7221236342824662,0.5781121748128986
0.616200309846412,0.3777344990498801,0.36912725550769654,0.22771824740290014,0.9398730144421495
0.599191395813144,0.960344229651449,0.8891670563370018,0.5508754085793233,0.7990648266143482
0.2983190442112085,0.674014439087359,0.21781122620673243,0.4054418837726993,0.4702452050071092
0.34521451680492865,0.2800470211812961,0.10101439456619565,0.28945889671398173,0.19703830816414158
0.17922053373198443,0.1182774549041351,0.014313625208654535,0.9270327641585152,0.7017682131250537
0.724980826296754,0.9912602523816201,0.8325263844062935,0.043748720937999086,0.041575658598854925
0.5523448561082982,0.8880059767714416,0.30555941792774577,0.6992841095323019,0.755661665776758
0.3169167745626552,0.13325709876897973,0.1508307124788667,0.9887242196704685,0.4282976762293288
0.17230579195155715,0.9651943429887941,0.46907679560456295,0.41321955670199095,0.2715756841294408
0.13776863332749467,0.6877738316327932,0.05802604370166964,0.1276537615736446,0.06051547184487838
0.6528349128206252,0.6328004090727644,0.9426678008639119,0.8886646042372792,0.8244237612273658
0.19272660989585733,0.10566378662845866,0.1751373924153632,0.33642917700275,0.9425134888704948
0.4560366340273989,0.13228238667467396,0.20104431578838045,0.24397408688849698,0.6794061869746136
0.46754139248159987,0.6150601185384784,0.9075221333387226,0.46181758890728386,0.7589221730566231
0.8550613596476758,0.49902525833258105,0.04700437443939132,0.8208286133355985,0.7500572001820658
0.9917600230538183,0.9722226551260214,0.8321524084762741,0.723022932571241,0.9122729600832101
0.2937094521814686,0.5991376752127964,0.13358556602794647,0.25623898945803814,0.8613191484253434
0.4023523408842109,0.414499293407697,0.8963467182679689,0.9023430770127867,0.9831977218699587
0.06312644396190115,0.441944509464414,0.31250786765373206,0.4745197880926706,0.7998375229965609
0.8264332306205292,0.1412888896588398,0.6739576345927814,0.5058955537225361,0.9852678100484411
0.29094180305899564,0.8013265308639211,0.6552420412896319,0.5918526851859213,0.8199438857592198
0.6086025413660424,0.7071412909458031,0.37099931117272,0.9073690867378751,0.14203609086958713
0.8731764283432152,0.7036484899905484,0.023063720377656027,0.5903898696413865,0.15490572593033225
0.7251263390473395,0.855718723581867,0.9393027164151383,0.06204125317907594,0.47918908853047526
0.6640721150637847,0.4323351758869681,0.1359812541860146,0.5952260246463543,0.06725617996447353
0.20055952930008114,0.8280973620255115,0.09136880530037061,0.9898832447009767,0.561327721338652
0.6542008071796598,0.07905650328170788,0.4188590616376858,0.6712238402133919,0.18655472926270877
0.40437203528575105,0.06998388016677604,0.6406298006169512,0.4211851855758233,0.4456637454970377
0.08144925801300873,0.2536046911852232,0.1470109890999275,0.6077817496721797,0.992556892964057
0.2807339483313076,0.07669946500255787,0.7862142639410836,0.605304427002143,0.7541457931045272
0.7490838532381299,0.9985677186047982,0.913290996224356,0.12596036349744955,0.9932574534567289
0.9703281694087748,0.7592723854091582,0.9467559842664125,0.7199708856053714,0.4374012395911798
0.1299102011561356,0.6916354247108516,0.1289267777785169,0.11418982545306533,0.5086567784018735
0.3207751721015668,0.09463248350647724,0.4544345559804982,0.855045118890129,0.9328258953633576
0.6781001991407132,0.21020248531507846,0.3502836949914674,0.0749283852232201,0.7040206089125466
0.48878157248851095,0.7849513110628263,0.03685286002184329,0.33588116020872705,0.3609306984733779
0.8415913532093305,0.7773895773185218,0.6921302397374738,0.13275443585325686,0.6839132322288022
0.8775893158273165,0.8867319839717241,0.8817810847295294,0.8675932767560842,0.6365035207754678
0.7639106744416315,0.2642070449440074,0.4777224115044538,0.07510283900276182,0.13413899183455802
0.7153309392783946,0.5342350715436583,0.5211776187127244,0.5410870240982053,0.5060297409616972
0.08542708129145227,0.22736331276155874,0.8521825036039665,0.892434443024027,0.1116592792830956
0.8555676317052848,0.4945741266102619,0.8428655371541104,0.5226042840014254,0.5693149274780814
0.8671225935899652,0.6099121081906673,0.10956991445536379,0.8101336166409363,0.47275253960822494
0.3349755329058741,0.32397787546579637,0.12777349814744654,0.6355555583866273,0.33412250044975544
0.48592331348730233,0.9216043025693076,0.26528112318690544,0.20058500209550267,0.9706285395497481
0.920002936414333,0.6571424899905395,0.9489691539093764,0.2562532409431131,0.13422937837708848
0.64925289421391,0.6454773958751224,0.011537171524216294,0.5352464984897963,0.9578442280279079
0.6796499690401592,0.08180620980580033,0.33008638091431886,0.4977217678879279,0.35335869351327454
0.00929938212460768,0.5438780105941312,0.8176897108194863,0.2367387822868029,0.316168831534415
0.2723052447275284,0.29338983116883466,0.1367505468256517,0.9031971700942146,0.3688095322556294
0.8748290442327222,0.7958253911588427,0.455191919902985,0.675186234543922,0.2711753610162453
0.3990939815687008,0.7003648081912238,0.49321202309606527,0.7653168195276054,0.09538821511351414
0.0464800630624429,0.4592375640909767,0.5612554266333445,0.6113217375071432,0.48800481030839915
0.6390546357881007,0.3339496803096861,0.42849405445290667,0.799256648114749,0.35746045942394045
0.1564487277866855,0.2501573213011189,0.5487103121044749,0.11518268310378277,0.7586956903268475
0.9415491152803556,0.0387253272892818,0.6977310026980026,0.6665184633744959,0.7288728668340572
0.40236545160398096,0.5154203781528743,0.3818456015567889,0.6528333527479796,0.8701323205507919
0.5963748527796952,0.2600696678740756,0.3575631720570557,0.1996630964009588,0.3477752388466132
0.4112765581962864,0.24978582203142363,0.5792984954682578,0.7869634554361635,0.5714824134354869
0.3573387593841987,0.9003820763805147,0.5352683592396609,0.47022923499779834,0.873415830060217
0.9177649312293144,0.8609541555383133,0.015343063934673884,0.8770026513183615,0.33223478446254084
0.8755982282120512,0.8367920900890945,0.7481300350132603,0.8670769598850051,0.4445395976854408
0.7170216152622624,0.7537117545140425,0.5983895188694816,0.11951115404063228,0.6379633514746182
0.8139228968559956,0.6004249149743189,0.9796219023202596,0.7620808919991514,0.12736893186017628
0.17408617191290177,0.07465676607101956,0.7224635418474965,0.8002414744941806,0.9661125076002939
0.4976075699544975,0.40060577547761256,0.07822898572774573,0.8774987847923783,0.6171670502873255
0.38874194053500144,0.5689149602900863,0.7798382441649305,0.6998435237949705,0.07438673038053312
0.9543311049764066,0.33457035014587333,0.5927771043645239,0.8426236035420742,0.28852753714278445
0.10115200346963504,0.7263246771136124,0.41836409086271154,0.13129641077894882,0.7213726031817251
0.5802897787625233,0.546829617284978,0.6165303765096082,0.8479785549700468,0.3748696386835445
0.026928445384272415,0.7038629415296134,0.9985982622682701,0.038001289849150854,0.7174301721983378
0.8220453745618562,0.16579926914627308,0.49074750129699163,0.4154376451060233,0.6732592718417768
0.5332223433931355,0.7298304477536276,0.5853642519817566,0.9339317517784452,0.7189646512561295
0.8876397897776593,0.9690201622930799,0.8885014354423503,0.902372277095652,0.9398563949304605
0.6724467677927864,0.9710853653113715,0.9835922512890037,0.618830171129198,0.826226687499327
0.0971254232057327,0.982056076393125,0.13729943864383132,0.24970775458078986,0.1271265520314656
0.05777784381278872,0.19567344443546142,0.6985929712737976,0.736903127273052,0.5827457402161048
0.44392734486290497,0.8782772648955927,0.35073182199065045,0.02021414636875507,0.2664793027093194
0.4291007342418225,0.6409587838726792,0.8958249773480609,0.9088050319398179,0.33394761134455997
0.11733400461937171,0.5379607813440289,0.9953387097217158,0.4165677080999505,0.908980491856904
0.37087455353094223,0.42944344860690586,0.4325342480332979,0.5275089724027172,0.6099112830167089
0.595788224529947,0.9978145051714021,0.08329200079399623,0.8639360452157115,0.4175747086510989
0.33017701836202684,0.6487836280558661,0.2622597954825171,0.7674372977683398,0.482023089184071
0.6330248331679268,0.5280044543915812,0.410347842519885,0.4067384977286037,0.4763249639882061
0.9550907125281922,0.09049876651228939,0.0225535204050602,0.33033888103950837,0.6184219281973259
0.9495085045643633,0.7658942474490801,0.8901950365186867,0.3292237253195234,0.8427608989726111
0.044788438603002856,0.9263389451232817,0.5553458516587829,0.009127385217446937,0.05035498727903642
0.1802862334382357,0.08122033511193327,0.6755185005990997,0.7948491405655257,0.8438730319428849
0.9519646380181186,0.13353218625930985,0.4198704234792725,0.8805805387764128,0.21946252156911894
0.639175073289394,0.7935256959559726,0.828282488839959,0.9870721340683518,0.934515304045142
0.02648456692448975,0.005578961020321849,0.27634042238933587,0.3450049532694559,0.5201038004033929
0.40450131171824033,0.0728074766332284,0.8395242803958192,0.7138129443565807,0.45616146091627485
0.4456659679665489,0.06544483789334576,0.3087014262742972,0.4879806186683423,0.4745248127670909
0.8696420692817048,0.9016652415387304,0.24971941263795105,0.7534461791700033,0.21683351730718337
0.8352674878212298,0.10332839360312562,0.816185491789587,0.30019939158510445,0.6935253866538224
0.010163987472643798,0.3663638752299091,0.943922049082932,0.10353335426169763,0.29480738015771857
0.37712699715994313,0.08672850946073274,0.6955912507710235,0.49511660370515465,0.16326135686276366
0.1726469041681168,0.41406373973738275,0.05234228156479803,0.5137744864618491,0.9217009235624808
0.7612028637506363,0.3246932062656118,0.9874961529940804,0.5249653319549326,0.764275917522926
0.7024407607260648,0.7773120160467227,0.5018636033705955,0.8617605505369786,0.8192600647884789
0.879757044717973,0.8678860624033962,0.9261673545084401,0.7040540916165953,0.30895968175898214
0.2637377719316164,0.8995666621224692,0.9512837872733773,0.6963053205204605,0.2830747172268697
0.9424350336139646,0.8480406481985672,0.8762310357584058,0.11048900966995545,0.5225110988363271
0.9204973655427837,0.5145908204945294,0.26321830106422694,0.8818606644421704,0.1940275651650103
0.3736262892588892,0.8647168402231021,0.5422679476176374,0.20447072433975433,0.20059298673954196
0.616258674911477,0.23937338160942812,0.5052826329064314,0.2585051184832513,0.8169150890928828
0.9970556666037446,0.34791493750888036,0.44140574760836115,0.2604990315734961,0.26840945876659006
0.875073249955074,0.012397374188035437,0.6293023270285851,0.9283175635028902,0.838880630402293
0.8154999217952271,0.9663839015466856,0.05335856845693121,0.48549309747725444,0.7408615521357567
0.33474991240196195,0.6554619478366204,0.15614686587265214,0.058584700956550106,0.6346597616027873
0.5892945279708213,0.7306781699526392,0.31369440574679763,0.42972323236484744,0.685636123939909
0.886065825141313,0.2499469185706189,0.09998813322059585,0.7765917981847034,0.8572227904568439
0.3661393286615192,0.24644985877848014,0.8927878525218068,0.8559359397421727,0.10111332116661198
0.49809293339082894,0.9787181383828322,0.854110173250943,0.25029605543154265,0.4431018916416034
0.06649925151332459,0.7736531550145149,0.7006398281832003,0.05100075591337716,0.3616590255746215
0.9051264757522789,0.4977151065385831,0.37326688958347776,0.8617517182501775,0.0230188129531268
0.04032738983070505,0.6749440977784353,0.49105059596466416,0.9117373428139158,0.2564899302818272
0.4205543965713525,0.9545022769721405,0.303737206919263,0.6679422403190397,0.5883814409047124
0.8868423093588265,0.072708070698556,0.7087772195698957,0.9164097683689297,0.07434979603892933
0.305941777865434,0.8666511584309926,0.855140241813312,0.6261619914415757,0.3682550456797281
0.11323310835829647,0.7955005374108638,0.40049565081404614,0.7870883768540023,0.2454170698291921
0.10444538326711028,0.8257042602998776,0.5078741790059284,0.35927167913737923,0.5069293762554751
0.27766245545441703,0.48027908538393516,0.6905371145968858,0.19484723682975202,0.5661813060886166
0.699042308511999,0.25207871640592283,0.02258567575393544,0.33601526117616565,0.31354410016857936
0.2505911579138268,0.14329945845860925,0.9791859610016,0.1864877547138053,0.1039426009073734
0.8388572770087995,0.4069587905728962,0.9292089073718631,0.7419791059087393,0.9365909394777449
0.37361424421770506,0.4656618617734962,0.4584895113297679,0.1790172750468937,0.6534223031347658
0.46583994019215813,0.8001303215112908,0.4887966590346208,0.6526307813505832,0.6595206371298067
0.6100128975933905,0.9067657656367502,0.4514668054462173,0.14052827189550587,0.23207250021048365
0.22091413946535388,0.6827888851631171,0.6616297772484733,0.5503236412888727,0.48685477626063456
0.27635704065215894,0.43771835698365025,0.006224496518750788,0.7157811668145616,0.7615940731071446
0.6127050149351236,0.2666416032456218,0.22391911091204897,0.9646457106695671,0.7191540572703883
0.519712609159933,0.3887110858656325,0.2841165060198779,0.024362396451635404,0.8514212860356752
0.7537829142144019,0.7183251300231628,0.5849571948317862,0.8944205073018296,0.3101665922633917
0.02053749180924125,0.7809544844078615,0.4221478320801654,0.39469496742901755,0.5386288918250381
0.20630266434797506,0.39347384412957875,0.1352991130319915,0.20342103633896147,0.5939771643371344
0.4451349711922902,0.8808682917658999,0.9728925274410576,0.1779173754700618,0.8930258695808099
0.33407164743293016,0.9209796555804909,0.9979240820876344,0.7688547156362331,0.8890049176464668
0.8766657642187777,0.9815556270746648,0.6878539004351436,0.5421143669724147,0.44637692129212825
0.273169272348351,0.1741613786675862,0.4123475508516242,0.8832265368993205,0.4648900317614322
0.6717011392271509,0.5217818966644138,0.5636486783393083,0.0292582983028572,0.10197960043462095
0.4169392867175401,0.06447356332933807,0.3640783410504066,0.49119019170280875,0.047299429901734524
0.879381192953449,0.6925948796089947,0.16811713369620274,0.21679462273052263,0.8114113372970826
0.250051629717032,0.9496272841347364,0.8107663829998634,0.669569940541389,0.41683224987274725
0.6021483140357892,0.3769640376036796,0.2219376789659564,0.15369838290611848,0.21624695803327043
0.6282334662825734,0.927466428408678,0.367841320728568,0.8407251443374956,0.18714458111669818
0.533715766668583,0.04749936092101947,0.20832121605363063,0.6301095230553143,0.1492381782099521
0.7534696314400846,0.9960149307497027,0.7867256959937239,0.7237333858680262,0.7473088371841328
0.023674093466995116,0.919356057846549,0.23420337467150532,0.8805824982008877,0.7823983712149062
0.733508449403057,0.1762580565454901,0.9746726422189556,0.6677206993008664,0.9643607796645651
0.9568314302276922,0.059030900753301085,0.6711292272341354,0.09244756749668304,0.160645732562252
0.13124298204615703,0.5954331257073745,0.026140308384518862,0.2078290307206605,0.393969430390672
0.6776805830703975,0.3100411869694555,0.4946430551702986,0.8578943200393271,0.5163873055725557
0.8583579650958163,0.6329923654032137,0.12127681467280904,0.3539470647618682,0.4370880238662379
0.3115774115609117,0.09767843156786682,0.10078955073720275,0.10210507203317498,0.1899641826155396
0.9255296094446884,0.7741315670445587,0.19004269750828584,0.2410824831528544,0.8694283772756224
0.02502735490913488,0.3690060069573762,0.7468583645819513,0.2873252334416928,0.2620774826489374
0.29063501735722697,0.2962374679984886,0.49550773484845145,0.1314102045267993,0.08991061615386498
0.3806472218319047,0.8363668563998445,0.574776985971139,0.8694912210193385,0.293444033422944
0.842098823148569,0.94105498747022,0.7344589466811886,0.9698221126102092,0.5312663224754516
0.6403811376449339,0.585590751867955,0.11493844968725708,0.7063411655688215,0.10224817873399217
0.275726202744659,0.30671363017116415,0.18083193830715993,0.675540955207526,0.3881157813345196
0.3961486174543265,0.3922111708391761,0.9582352064436335,0.29899653179870045,0.5543261140271902
0.5581337157870306,0.982311456622231,0.17064851154567973,0.42622811457719545,0.934120367097399
0.6997100700344521,0.11862000590485733,0.6270236425732303,0.05501640273143582,0.710001547256825
0.2996890729804137,0.6496499313285121,0.334125446346898,0.8998296014349667,0.12212191375547266
0.21741298388740027,0.13189292316579881,0.35444286416946724,0.04379729457860648,0.6471714486705967
0.9882580495511217,0.12478336665104661,0.7119906821742062,0.39758132753925846,0.12603636476806568
0.015623427777019971,0.12718354115462294,0.047528331483024044,0.7767601872993881,0.6923606203110899
0.23133091449718646,0.21418510427936144,0.5257731455727864,0.5076560645191074,0.9900010195904597
0.5313897868305081,0.6930831317225609,0.24018171366174113,0.8815739065887873,0.795881464271135
0.9482589349031706,0.112346249583405,0.6633462758368068,0.024489018983636535,0.47953199540927993
0.47696615107668494,0.4772071445424332,0.0294645475044909,0.45557770485074556,0.5749910606602373
0.9394309281449544,0.9680631135999803,0.6434377248040773,0.7847617183801507,0.6569227029483119
0.6590157817753247,0.5507585012328173,0.9570273886294228,0.7985144494226519,0.7514200326264071
0.38060205184327367,0.2815684579345408,0.26538699107900443,0.15978410777031038,0.958215559104624
0.793913465341764,0.16855685097929995,0.7465663457423345,0.30162130907052886,0.5695918372073242
0.7475744274740495,0.15140002599274271,0.7256601020055361,0.2819379736832448,0.061945030385122224
0.6462147943116082,0.15063266798341068,0.4322302369638631,0.024835573800874422,0.16761342221319553
0.9259222458674019,0.9603622441817417,0.8735267542225452,0.2863739081232731,0.46341512088320924
0.20746512466896672,0.6948757440886971,0.22050587792958665,0.35727246479467034,0.6868204100318258
0.3709683313365757,0.19780827702257242,0.833462744504619,0.7958916499981031,0.8289455703745894
0.08051599454221248,0.1867863822935163,0.961066999817033,0.9964732266448819,0.931770912644271
0.9215755049674077,0.6540616104662442,0.7854385658881161,0.8473817501436397,0.5748970019992956
0.2522614080301401,0.38229226366100433,0.1338382931585529,0.31918220839242506,0.10369184542480536
0.36733942454060176,0.052446063651540586,0.6403701177326981,0.1679573776173655,0.6363390669847447
0.9444814654666478,0.7622660528829014,0.024292194855449867,0.2848091052707026,0.37093944352206654
0.400031593105055,0.7696180624496796,0.08614976570061894,0.6839317386336936,0.3806831513149258
0.788399345635374,0.11177704578130354,0.3793133559951778,0.6224707533781006,0.3630094948869742
0.05109547073623344,0.23467227529011858,0.9386655554123139,0.40776312240685164,0.06104570353709948
0.0848794176238108,0.7206444186940942,0.05672017367414983,0.6476531360195144,0.22911179370252854
0.7791719107675945,0.11258851773712109,0.10362106403106552,0.6508790587031855,0.9402565352451605
0.5989423594240246,0.1380301732857283,0.08109947474212531,0.6804396373992779,0.7549143310540752
0.9547040217527841,0.9305615979186957,0.7054258185696297,0.7158294341524063,0.6338379449534889
0.6752659509488949,0.7152367576081249,0.13523982533653756,0.11017380057557691,0.70914683806431
0.28981538909104876,0.875577315332477,0.797294664095563,0.13202461287750134,0.6765787559814888
0.2048775584071617,0.8738540069840811,0.0026712093912384383,0.5838434209318055,0.670734923651542
0.6193070675938193,0.803132761046201,0.9243340859197174,0.48947235344411066,0.23024410751385904
0.665100539075789,0.8834344303963063,0.9486890674997441,0.44118422591219064,0.22780183299821344
0.15310990216592857,0.8879674339127196,0.31968177939219733,0.24568935834919736,0.21046552627761062
0.623294228518312,0.3841288409504775,0.05363779613765629,0.35936685417088177,0.4928718904473808
0.721330083763133,0.573606936372062,0.9271466447254895,0.6188748136931503,0.11641810174214395
0.6670399222043342,0.32412613907737897,0.808147635122827,0.6782668696926406,0.46327068568740415
0.7231457329152096,0.8896142433203149,0.8303337196239227,0.3963456753226279,0.5929217296115955
0.7797703650230233,0.28434299162983445,0.33007935816016754,0.0645358992872962,0.8990291434069654
0.7045922426721976,0.23978190490785767,0.8716596129470178,0.18822170265013694,0.07862704727886705
0.5983337889263639,0.4298636271426981,0.6140536519340474,0.06524769486957693,0.3656461884893413
0.14213156538824145,0.910801540524047,0.7467647523163877,0.6932933664815755,0.4939967530992989
0.8485302679201862,0.7968310580388029,0.400091601683885,0.901125394422653,0.7839322842339791
0.9169193312952608,0.6797223050809437,0.40849114630660943,0.049881714469727334,0.8882014703052047
0.08819882311342386,0.3813478197209762,0.5585228161750585,0.8244206671184817,0.2739228685287918
0.4622927028527536,0.34824585526062846,0.13428046372797742,0.40126236097445234,0.44875158295970996
0.37216502173653443,0.5748002862760274,0.06368284689009263,0.30285186172091105,0.5341920770820077
0.6408957926479372,0.7590432146021823,0.28032053828802383,0.24220508862717272,0.48784577405489815
0.5238391370642292,0.47586227638213185,0.4160820687083314,0.2157192443437168,0.8343995191550325
0.40742513010343717,0.3262115576036376,0.21022364802667104,0.09472708934853424,0.636445780794545
0.29149086452684103,0.33092565047282707,0.0272235477058973,0.957267830756368,0.5009938418151099
0.25415028546178464,0.09188462370118011,0.25727740604207294,0.22615941584323906,0.006802795218799895
0.8841819038277664,0.3722698941057152,0.09561779351962607,0.6375189565519946,0.2748006803255233
0.7015656729861335,0.8929208217285018,0.7940620820747624,0.974046126435888,0.5382032748030167
0.45815527806487877,0.8348394035640339,0.27010204599634735,0.1872376818485263,0.5057087386568133
0.23711908037133433,0.9352182632448306,0.2852642712278448,0.26095906921676937,0.7302239886740547
0.06811327001839607,0.2471712139545974,0.08898277796808762,0.05014351426568753,0.38564936711341946
0.1910316847069139,0.9484218812722226,0.5244519065835466,0.10081202557647628,0.16615373249995224
0.5917542417993897,0.07167018508616341,0.27144712424018547,0.2259572717041084,0.028933489917294164
0.7735213763442653,0.13076739518522074,0.778715553045473,0.9963826002154073,0.1827477828452061
0.5988013078258958,0.4392219148204273,0.19113790848989898,0.7800771296751727,0.707787537826566
0.8648103503107304,0.9253621080454132,0.7707918482399755,0.34310975957849676,0.2245037434290561
0.8126196680247573,0.5315807171856513,0.6514076204466853,0.5032410023317232,0.8093838006784935
0.5381981018432438,0.7615736176631563,0.21349956837215733,0.779782550427839,0.7838210315775883
0.486841974522752,0.8857106217874504,0.015529367041874576,0.1780741434799683,0.11468985294982115
0.10661130354728066,0.11760178437060764,0.5497374656611482,0.7801496452228361,0.7462454018490183
0.22195583926497098,0.12526932792664092,0.523177635678805,0.1353486385662419,0.47909721524651583
0.1510955447295821,0.9314731881820943,0.6159365188607798,0.8277640246968678,0.1324115445518267
0.5480913322384006,0.031065952683889675,0.2495123838551616,0.35041424349779615,0.5373467937957499
0.6094146731413039,0.4895842456354117,0.28152168890684404,0.2916374896855596,0.4053053011256841
0.299145461053541,0.016955398485067885,0.7674703799905963,0.2535912128389045,0.47643153881350064
0.5276209196880444,0.765034591449212,0.45174165268164346,0.9857041817940908,0.6661571740050481
0.23959142404088263,0.27309758395078687,0.2723695134730556,0.4217556558619584,0.8836525910333847
0.7436765740344573,0.47502150558035616,0.7963348079255654,0.2464283113592649,0.9391543344055036
0.6605109332208676,0.5235152584586338,0.06448680655038219,0.5026501219061078,0.1522709856517408
0.39738555199118775,0.06768140423319702,0.5091960133669405,0.3913732910124955,0.6865689431762625
0.9671775279072511,0.6137968938933042,0.48007251450778854,0.9190186367079799,0.9656573882450163
0.724586031405424,0.4761921860468906,0.7690188944317067,0.1790611744798637,0.5241725958085681
0.5033498892740372,0.9667217441428656,0.19279210363168142,0.5218303361105758,0.45653557185866367
0.3691308339877042,0.9841769243871228,0.9685458618155166,0.23550258275713898,0.4595590648910832
0.8756564473263687,0.3043410520783808,0.8620567499156829,0.12324836447190946,0.15679800655245035
0.7080283513111802,0.7734576176919701,0.5549033350459723,0.06758057489783054,0.4967712723806933
0.451653868810444,0.7136803817753139,0.6642890532771886,0.004215529261047735,0.2717127394244965
0.6795994901278396,0.5478905309841264,0.9928620360686995,0.5633669690979527,0.5901053486517424
0.0012451139554926494,0.8918656698478324,0.33540392863806456,0.7092420317323299,0.7046999697222439
0.13126361652494778,0.37319799063254466,0.14463730695212418,0.07243890373703055,0.43189189160299046
0.647516102481743,0.4050493751849569,0.19317589804597946,0.8317896381901799,0.12893260142388718
0.16004268047604797,0.6327261006646728,0.4477220968326696,0.1434908920390986,0.8929423886385681
0.8238492750965619,0.3137956624419064,0.7412802744289846,0.5346949439790077,0.12472530826501338
0.6980147766289458,0.12968928582832362,0.2518849371666487,0.5500740377054303,0.045755099883934114
0.9628641322396241,0.6992669824815214,0.6954720386791319,0.19362377047408463,0.20834526373178353
0.1681062802371469,0.5876413850234555,0.18365592818257115,0.1416146770149901,0.24289099844440543
0.9165683997106547,0.6693367821566637,0.022706684046200687,0.7882016699540818,0.26476579132619205
0.8233294674995764,0.6781526441665522,0.6531086992184316,0.7276648620071381,0.7234233548043312
0.3400768573970224,0.8509594950035547,0.9383888495975968,0.7985680460870814,0.3322604788567616
0.6014165544338024,0.40601144887410257,0.1607131182185354,0.30784897276114553,0.5060004185737942
0.4355751901895034,0.7855836148839699,0.5682700648124751,0.582357925789447,0.9616661251590195
0.398530903797901,0.9333250427532549,0.1839619179613089,0.3722468153058218,0.0592049862018057
0.6174817362679823,0.3103603111250428,0.8271913889594904,0.024623270929897356,0.45456119656587823
0.8276791900555255,0.16379596883826675,0.8945329072934485,0.0007173339549036983,0.9896819037086051
0.14876595795948022,0.4449754599718848,0.791367579478449,0.7908967833717472,0.37101634617514523
0.4947448919133606,0.7056809018595258,0.034021717424360776,0.7092541738578624,0.18894030179062526
0.24299953785387973,0.35541303989160633,0.8437001059222388,0.991967160724146,0.8313418005802234
0.8872301253360975,0.7150585779057274,0.254415865547476,0.22652591240130548,0.1708505557879202
0.21590280040153575,0.3375746150751623,0.09170447278565663,0.5601652795836862,0.21084185217804985
0.24183251352049584,0.8509179155673295,0.6083458400837584,0.7068746386974599,0.7694428399238066
0.6203270705389181,0.4633839182918694,0.5641027895173908,0.31872997971935735,0.8843073630430879
0.05167746146227736,0.18427487581446766,0.5414508571833262,0.9215994268166057,0.6923596821763455
0.37944930785346964,0.6187115256311924,0.3705288015144641,0.6383189809628976,0.005497060857978742
0.22393283068344294,0.7795921432355197,0.7856069022330208,0.7731126892873993,0.8265929288688724
0.02118360348932402,0.44325712143557894,0.3239351528877884,0.714615033560883,0.49448538868207326
0.5564537317021309,0.7198037522119651,0.578816442505161,0.8555691683213308,0.661785797003486
0.3887948045446168,0.7847047721435848,0.4907490211210559,0.7080372831371121,0.25140337504112875
0.9629940156913326,0.5891069117481517,0.6876738791478911,0.5016884419880336,0.6463418436526137
0.25097000457884766,0.4760674290760102,0.9623827185629086,0.7756244048735218,0.11211535953463125
0.2516823325302082,0.899909358740216,0.5428862602073735,0.08786314633357484,0.47485051092360686
0.28321423685132485,0.5828450132936098,0.9007555997617249,0.861214850348308,0.5520738759272522
0.902952562878608,0.5297584506802668,0.9699918346490831,0.19735354732186783,0.7200555771782243
0.768355223740314,0.003000768455590719,0.7729014387402657,0.1836321956345478,0.44010134887665664
0.7501710558530962,0.5126884671796738,0.33274738276563254,0.037887606376398875,0.6794605351433705
0.6081223863426297,0.703633430040847,0.5655899375156621,0.9459398526824373,0.41744529926388496
0.3529317817190305,0.09367539644609046,0.2921498808699219,0.17355040402686783,0.8834424576770796
0.12395260322802615,0.29389874810822203,0.2441929773015702,0.1649512199006744,0.43320706316443147
0.5465887672386937,0.08300389253034612,0.4939689661625055,0.7590346877305784,0.9920495123671069
0.2762681392322649,0.3833468514874464,0.5434399907403853,0.28175205534682535,0.7880312072940852
0.9792283069273338,0.3125176841473807,0.7257728761939434,0.2062433650043135,0.473671102840573
0.425112613028957,0.3056580594684415,0.19507369456393464,0.9890692942599109,0.31707386830045337
0.7789716236676884,0.3211634627491118,0.2904548464058825,0.4164894570278438,0.8427846503284679
0.29802029499775395,0.3981636025493963,0.670067690769083,0.10415949273155578,0.35727583551577946
0.5438229436500354,0.5918712145448838,0.45101544549334915,0.8543590241145025,0.35552589663200496
0.36268295035834375,0.20032697140739286,0.8486125988862419,0.16828732908180855,0.6399538191700651
0.7720187045537528,0.8713252056325681,0.41628425794496027,0.47390338998189496,0.6359126901181379
0.35143444315960626,0.6499994087357329,0.3601003747440079,0.2588764555684414,0.5562615283910021
0.9488262252115057,0.9814768298826572,0.16346346123222943,0.6772157853050847,0.5602908321260052
0.9893428093386091,0.009808661751481984,0.6740780667960309,0.7034125507875989,0.8558289951487427
0.6425530340956368,0.3209430060623354,0.5771134962127046,0.819335594435848,0.7113111815950415
0.03710866415973069,0.2777381684140703,0.8178483344798259,0.537269475679433,0.6989708612770746
0.5242196123022976,0.37256109162502904,0.17769999060111186,0.014501283270387244,0.3809591424285774
0.9967960421234869,0.9974158392284446,0.37424965658962894,0.656134171362247,0.07730527370065698
0.2997141736343615,0.9735530522306827,0.8818117531284543,0.6406488463781483,0.6921150756473936
0.9505479285465124,0.40996541213618665,0.6122631231894728,0.41994455872299796,0.708512698081713
0.5945894174357261,0.9733559005729849,0.2894470361894522,0.5514872708191325,0.710968140696134
0.29514162819338663,0.41529454006943123,0.7473472547862466,0.9079315513009344,0.742861570929074
0.5559793718033826,0.08183986601013082,0.19388359100550157,0.11607620529623053,0.003057601871326754
0.9052557625860581,0.986166874742157,0.45191127862429703,0.8970422737056603,0.28456215778076244
0.08356203311846855,0.5580410037690867,0.9249095532443568,0.28070329390601145,0.8761852676138535
0.7883697555944295,0.34538079695544044,0.7774807215752129,0.04930501931307585,0.07929059401601479
0.13052620314711605,0.23163487416524553,0.7819825285894575,0.6485305822585825,0.2526674065790159
0.9816640591971786,0.7682622380156374,0.7919608057731725,0.12566777089187564,0.8196183770644703
0.5229715695711129,0.5542458903901181,0.9790818780172789,0.19100521711466178,0.3372005466855005
0.5706762255832541,0.13446236037913062,0.17118641338883556,0.006915429209427559,0.3546650466546517
0.13557320816203045,0.13684228102495988,0.6826365885260172,0.665206046667843,0.9763038734014805
0.9789316482419123,0.8774312517435561,0.005617570208943157,0.6549495563555449,0.5789372581968477
0.27206451132231024,0.7344736348220701,0.015871858228879487,0.8367978760098667,0.5799444305745081
0.1018679222702028,0.9923384365214052,0.8876501506822946,0.933581093493459,0.33158655544936344
0.6200664185013656,0.41367846444093725,0.23987761110736616,0.5445138239714029,0.021110132589562958
0.24539102906192334,0.9636488858534714,0.47129643325383985,0.5965132818702443,0.6666711108479028
0.2726359150464964,0.2705573916898043,0.4879619671025295,0.7254781310785218,0.26076627488799853
0.18856330159553492,0.021106324403950993,0.681225627136681,0.7195613724971193,0.27817280505964614
0.5777227248693301,0.20596024075741093,0.3035916278912508,0.4155825395550825,0.6418844518956368
0.47715653081800513,0.3771583518999224,0.11452479088128231,0.68894162274039,0.7623845735437967
0.374554706656661,0.7555088553925915,0.2070357804705245,0.7474408923114948,0.6815687630813362
0.1431202672814177,0.5854318080231333,0.33403979166132325,0.6283032137026365,0.626095333819844
0.9329713778453036,0.858345250743851,0.05754747875888444,0.29220896662154494,0.5181283710932494
0.8486468078967754,0.6561747333886507,0.6723488483340327,0.3053418179645708,0.7901223827680411
0.5011795471066318,0.20091407071303047,0.6652507470882167,0.9485493617601742,0.5591965721021528
0.8249843364400021,0.43893526346160283,0.15310678710403913,0.8964296535754347,0.39052666145928894
0.6905202824634137,0.26705776350417754,0.6374286891287266,0.9287805503499407,0.06308585535820455
0.6763562454877206,0.9829523236535173,0.1935822496960744,0.28197014093711503,0.7664359648930057
0.8924065505421742,0.6379192607587388,0.03327781060987567,0.5832793395315982,0.7052017731121678
0.49685970366653165,0.3343895951851461,0.42702872971034267,0.8931595786229938,0.5976871461860148
0.11765262060459569,0.668145952658695,0.6205927127626955,0.43609965819568175,0.08280138865018483
0.45123011636210175,0.07564314539006245,0.0715530780186695,0.8422420742376093,0.2901558201075638
0.7508882981453789,0.992206172704379,0.047020979194775214,0.7620542004431075,0.6899412035243621
0.5035567439500138,0.3867405573946707,0.9514261432494406,0.1877014958860207,0.6326131530030226
0.3040451222419779,0.6958224595233741,0.157586481586664,0.15956992536383718,0.11792950346039466
0.02893448067890847,0.0568924773151368,0.7465810752589448,0.3470411697882245,0.9251056069031198
0.44251454456789496,0.20889074296926124,0.7293159748520477,0.03295221681776406,0.82718229418314
0.7038570703582395,0.7524978505918818,0.8103367152291806,0.6820550765785172,0.7017183235100193
0.679193424645049,0.005030270642040868,0.022796230957403907,0.6237756734064858,0.42099541591683964
0.7800945190859261,0.08751499726878542,0.051594322864381814,0.6029252542092896,0.8199135906826712
0.18975824216255988,0.5746685239301963,0.6567835561931789,0.9576948966771942,0.500708711647399
0.2940535500832703,0.6728507449476748,0.11762542650846697,0.8702545391085434,0.020588289151495465
0.6762970566012518,0.21337679223832096,0.14382877697022256,0.739222557109602,0.6179700094310872
0.2502501563802797,0.40034380500615097,0.719398676747331,0.49494111064569124,0.817920808794066
0.5906721429601715,0.14014147085716167,0.7598522693930062,0.3616736783585831,0.1561869798776372
0.37939204077890654,0.43399793203767323,0.3591253756438447,0.8688162206035853,0.3223923538787288
0.4542961330559635,0.7336749005716573,0.6321672388289843,0.03802461051877781,0.9247280443975125
0.11278091560366743,0.4379714039798315,0.2677623818495364,0.41399831171765267,0.22510863280946247
0.4014144281457869,0.450522916028376,0.3591302813616155,0.6499405274056645,0.2624580419168544
0.5680298197925645,0.19633060062305774,0.6588687059738959,0.9603735867539835,0.02102815265518998
0.48362067558412425,0.8797984428555176,0.854065386235393,0.18914746174249686,0.6399907132295596
0.5564147443579756,0.30060890035462096,0.291546958965622,0.03024343392389084,0.02003874901718583
0.38553237219008907,0.01677966886382931,0.40978392469531455,0.004518390487346147,0.527221578784412
0.8819775012783224,0.978220428707305,0.7896224610641498,0.5338703190216323,0.7538278624253657
0.057389490619242034,0.8264230854761173,0.9789896166093213,0.48708239555141575,0.9813152116548791
0.20793404859700104,0.48918542781377317,0.13433287816753925,0.7974397965924694,0.03136930214380951
0.5140558774837799,0.3277053111657722,0.1608310226981191,0.8829074716613021,0.9639942331505889
0.11026885172436152,0.23131398531558356,0.5058131874021383,0.9025446476582419,0.45751182121937706
0.033440933444861654,0.5524140614394221,0.24276441598709786,0.3065339547400049,0.8537359151539186
0.7449237090246028,0.8938977749171565,0.9387932839460783,0.2967593972071677,0.7079663724240542
0.9924515314404999,0.5818857121195046,0.1887688648044975,0.8404454796570507,0.881885258341554
0.11653349745915231,0.9950579359232222,0.21349579559988718,0.21204105303600085,0.08316558266098106
0.13364012325958863,0.795857947306518,0.5686486681968148,0.886810573856809,0.4420835655794584
0.8482409079473746,0.9885446555185421,0.7776718178603221,0.9029104557500308,0.04289874616900058
0.8407974870839732,0.07907852913000402,0.1184212824004176,0.13555057504001478,0.04774298569015634
0.5159970359948322,0.35094339566174004,0.04198209068745218,0.8768994167373716,0.13074092535412052
0.9996629054349855,0.9958702431988296,0.1824180588522396,0.7282944590406203,0.26229604217319047
0.6834292899181983,0.7750232510501835,0.6384149175038792,0.35003070219261834,0.26980934686954594
0.18970054330696462,0.32063025477824236,0.6819761482695077,0.5941467480799615,0.5506280892826497
0.4668165269327733,0.9875279806803159,0.28224554271563795,0.4991568398321915,0.7101146699534739
0.47553097705525904,0.9189539486367376,0.31250324229986315,0.11123976650461487,0.207634178685821
0.2817107274399605,0.47844571753924925,0.9574214436191513,0.3813061791231286,0.9575952172840183
0.1868446817876359,0.44734363291338886,0.3327785441618981,0.8582050280632371,0.42003416135837024
0.37742344709617415,0.5617410785471039,0.9864955470466588,0.7916396426396022,0.7780547252521878
0.8893860275976215,0.4063485977575063,0.765602995067047,0.9856138361213668,0.7121315829940383
0.6134080237665389,0.26091440692844914,0.0008274758936918092,0.4508628655368119,0.10697842097023058
0.29985319873595195,0.9273320842744,0.04438634118801976,0.7193964859607207,0.5651047098658891
0.9900549932055279,0.34343207011410826,0.060326671041758484,0.5212707375333662,0.04443431064270431
0.7410871801467371,0.2253148199926882,0.6398621116103995,0.20557242539310572,0.5791469142862634
0.17886314582902474,0.25569253229565825,0.5308932117096499,0.7567104894127397,0.14112625499626963
0.0010465278637865616,0.7323617152227274,0.587728150449195,0.881625635586922,0.5134984049517222
0.9943445485977283,0.694526843819468,0.5274776344959198,0.8216736144397557,0.07581267732151553
0.41514555063407177,0.5802312121962658,0.15605350264630824,0.598085022649206,0.4612409262246876
0.3940356379761033,0.9988521137472227,0.9067795032095,0.44024443335629504,0.7323416957295871
0.4802161381093757,0.620685438989838,0.44710994231553325,0.3037460240013896,0.7805218415758489
0.21908592578939623,0.16622575645900173,0.4285467758513877,0.11853863768229067,0.47462153415094255
0.7516292330094113,0.5426604722149693,0.08918265822614302,0.7766158323164376,0.3327938830659567
0.40690589436790126,0.7477149974532316,0.35934498786624647,0.7870968385996754,0.36838396466222667
0.5099336118092229,0.5024677774005383,0.011880487882988011,0.5585889750594021,0.969378875664354
0.20900364706032137,0.8890367642723114,0.8720754845404746,0.2430327653962836,0.17879589514826988
0.43848020450521985,0.7782767261045173,0.05544189931013488,0.07427681755880988,0.5890039231025154
0.3086916315177687,0.01700455683323543,0.9017702266800125,0.8527068702990813,0.6878943202410392
0.5585888546341885,0.9840247982408007,0.6033335520524179,0.2105068317348201,0.2735259433088406
0.48043340028964143,0.6365115247826323,0.8510417619100629,0.7176209499968728,0.05249304289520962
0.23613624838701974,0.3749265812590641,0.44269025021054575,0.1625796959763004,0.1441784938187186
0.12365933353240088,0.8834540548997326,0.23619425777980896,0.644111137617398,0.8918842546908978
0.4929174681088865,0.987706960281758,0.04970838063109895,0.6193533254893485,0.2360838358000502
0.852916197233264,0.7834675275599327,0.17755250019561242,0.7269651827428442,0.5985642810905372
0.4248993371153674,0.8574438570115043,0.8025237857715207,0.5578111827508854,0.2429294309758493
0.3378742342133655,0.4781439483633909,0.053420792042020215,0.6036034465399057,0.6274529256923678
0.8305319870367792,0.8755418602162761,0.4336252089424806,0.9064109304289425,0.05846980991624673
0.43753788927420145,0.38923923820562334,0.6873598608761768,0.8272399700326226,0.9642211425430154
0.33753776938524127,0.4922106703681398,0.9771480755921168,0.054481332709962804,0.9350743815806664
0.6427655292347445,0.550807964435785,0.8432686687459459,0.16803365812051585,0.9059929607349794
0.8189698470498811,0.2298564069895035,0.6188647057155074,0.42920635905708704,0.32596100706102016
0.9390917790231125,0.3962151652561907,0.13622661077919873,0.5009674045612877,0.8100796551995916
0.055821664561993556,0.9995573431309234,0.17396678611873395,0.9580094141964529,0.9319113731042277
0.4185783270551481,0.059337777315098816,0.5452230736815806,0.503432658882231,0.467470077528252
0.7535698340468775,0.010453702584446223,0.47951700857379276,0.6386217491932239,0.14788407663896352
0.9200200034385578,0.6183068495600964,0.41781795889228956,0.6186083499452386,0.4222361640418243
0.1974667089311105,0.13258120261920747,0.8415616881406051,0.8670645631410504,0.20068570725500678
0.9254981629906288,0.8996372217203876,0.23360263890168032,0.2809242865574232,0.7887475412099713
0.8477884761631951,0.024078817090776305,0.4020774843346847,0.2140983634297231,0.0584395504433326
0.16652216606442616,0.31109163557288033,0.2979058267155844,0.4835843565467892,0.4961567142188624
0.8114546288803017,0.18126965652816007,0.4045726150313379,0.875273857387709,0.9486930468026379
0.027959461487352844,0.04701752314896879,0.20096410196790704,0.18718359150249186,0.9511465181406258
0.05109036762512975,0.30690582826895774,0.8447077180576621,0.8693788400642094,0.7809570279296291
0.6008775098956481,0.6001801483581395,0.2585428772606886,0.895397823586838,0.7393373299808551
0.8502892618317542,0.39376429064928775,0.6828479226525543,0.8433803521276091,0.7670058343342325
0.13999057490248756,0.9304346776762961,0.6041423358982826,0.6888334904241799,0.6782949988510615
0.6776470108897,0.6279990209607058,0.4999748063516525,0.6464987002701582,0.6235896857325044
0.13515900922955937,0.8053744362063212,0.7996549881012172,0.7420305839118333,0.3977750439378558
0.6700427530234037,0.8018527813139031,0.7808563971592107,0.28786293283701936,0.23145118021353495
0.8127160252041581,0.36418733821789107,0.8063734860235094,0.7444883321764618,0.8447542385504786
0.6359719908341931,0.8531099667664548,0.46002408120006544,0.5838039222574265,0.4480794577485233
0.7828569095216993,0.6528797676182545,0.08239768058835706,0.2584669276413001,0.1320773023909727
0.9014988765852993,0.2816478698465509,0.3999397985636456,0.2090928182468894,0.8892410821758634
0.4853187749265564,0.5600091436241994,0.3245882792544129,0.6546883479000025,0.19098822369991386
0.1804001876030784,0.7357818023169779,0.3745577916408481,0.13930109384376965,0.526802483898752
0.34948564563971685,0.7934147722597605,0.33459526629851366,0.24730907434453764,0.24122193830111116
0.06288819943082868,0.2060127132458448,0.8346286973681166,0.6934202524338521,0.023695246917088797
0.2880822525577069,0.16484251821034301,0.16088928342927622,0.1610356599387862,0.544081336002862
0.27485672661349636,0.11717767230989795,0.36777150094314837,0.8721704455969029,0.9783667541121153
0.05780500770532415,0.15044793098314346,0.9169156497953416,0.8906867263026732,0.20593368589015515
0.1613424364363496,0.026199850736577157,0.8277084063134744,0.32145233309996635,0.7844887615292571
0.36724711506365004,0.9597094526697535,0.6216898964844512,0.1295708867254437,0.008695919202034497
0.9080769486183145,0.010023829411448415,0.6739357518458527,0.6232379970500834,0.19349023796536058
0.4351399359445559,0.1725837045943649,0.7769689473062164,0.9662184110211034,0.15844063473343628
0.7192749320327231,0.6498902398650652,0.22250381050375279,0.4780615325347978,0.36238874458951376
0.7090897119596858,0.5650310430034964,0.930630311630834,0.5993490983409874,0.5447408329783233
0.216726967728748,0.17076084349903575,0.33754065783679477,0.9900895202676379,0.46731471548900605
0.7389893278950838,0.34667595615028035,0.9322750485035658,0.636165032159921,0.2707317625118494
0.7573703653519639,0.774906993621862,0.11992412727744572,0.9828706857292165,0.3996953491787275
0.559896580815654,0.40738726307555007,0.08303129339205395,0.4900014791577545,0.6851003791408382
0.7625271574290288,0.9903698002659843,0.09117667601230695,0.30143362109147753,0.2522350136999274
0.7628268899654349,0.17790433709860132,0.03842643708652893,0.37986380170466827,0.17246821935121992
0.42149415777895116,0.32028151217653367,0.5333884656063937,0.5198327549076095,0.6911457219814595
0.7278847346651869,0.9889981247545813,0.681530859662982,0.23748219083257294,0.1279451398153063
0.7837159675109501,0.1956224262197358,0.061403868836951814,0.6502665361190963,0.8430318953801471
0.7430814717506816,0.19182662036935316,0.776950334763775,0.8942141490082508,0.08012470809673389
0.9005479763230736,0.8370870820872246,0.18888906562715357,0.2252638601658684,0.49860772230168826
0.638687763372043,0.9164056933841845,0.1272627953263702,0.38834645509194055,0.1833983316072919
0.2980930371457078,0.3537912333554277,0.45825884279694296,0.08781329786351932,0.25806364638902246
0.282473625084779,0.8204971435679397,0.28435944811358516,0.1952487959889646,0.1104028353235047
0.1494350926436422,0.9276963898060276,0.16075981685236684,0.037249870055150014,0.9577951135100972
0.757942822631361,0.0061137802915127715,0.17869120887625745,0.8710416142082594,0.10665505772479189
0.06317937558342201,0.757871007235982,0.528568700108515,0.10918367461417777,0.5875186538233246
0.8312172432136737,0.48260673137596544,0.3820288783172351,0.8572958020203891,0.5642543115444286
0.7778001441697314,0.5450941071132723,0.29324848990961994,0.5818856731437011,0.4386683495797865
0.6833839075830923,0.19391637379073778,0.5851148128335514,0.2688854137577479,0.5397077708595455
0.3606524061927662,0.38660576015787496,0.06433780996587002,0.46539938057449526,0.6179914935436032
0.3867472475547501,0.9492184765567002,0.9291286922728734,0.844264961786252,0.5010707714311079
0.3687284574348024,0.8230786600821179,0.2533082732100925,0.35874440500500115,0.1377709148936218
0.08202157168758273,0.17832402759916222,0.24212948633047227,0.6407169813300427,0.12062360084175139
0.6630137506036178,0.8191181647248943,0.31432130651913237,0.809265885047147,0.9259912466812122
0.07583963743259203,0.5156478745712814,0.21800189585111773,0.5671239919368831,0.19864116546644317
0.2583223113961357,0.7838565228058203,0.8978302252341376,0.0084420376442218,0.44566592635270497
0.3128914012351489,0.5056010407181956,0.2166145384449497,0.5483815386240849,0.3880266487554528
0.25220515937095944,0.28402998421284,0.4261895084376368,0.2348398784078154,0.6900160425109045
0.6034607796032837,0.6626454436487462,0.4341066905691525,0.5608651416925066,0.8940410405474014
0.8722049266872846,0.4554927415731528,0.8812075700163393,0.40979628478231966,0.8016619995217554
0.9815428986819339,0.2893902907968311,0.8186154806208731,0.5275225679707456,0.39439463567250965
